{
    "openapi": "3.0.0",
    "info": {
        "title": "Laravel API",
        "version": "1.0"
    },
    "paths": {
        "/api/register": {
            "post": {
                "summary": "Register new user",
                "operationId": "a718f172ff3ac464d723835815f8fb57",
                "requestBody": {
                    "required": true,
                    "content": {
                        "application/json": {
                            "schema": {
                                "required": [
                                    "name",
                                    "email",
                                    "password"
                                ],
                                "properties": {
                                    "name": {
                                        "type": "string"
                                    },
                                    "email": {
                                        "type": "string",
                                        "format": "email"
                                    },
                                    "password": {
                                        "type": "string",
                                        "format": "password"
                                    }
                                },
                                "type": "object"
                            }
                        }
                    }
                },
                "responses": {
                    "201": {
                        "description": "User registered"
                    },
                    "400": {
                        "description": "Bad request"
                    }
                }
            }
        },
        "/api/login": {
            "post": {
                "summary": "Login user",
                "operationId": "44212a9096e4b09358281e9ec8a0701d",
                "requestBody": {
                    "required": true,
                    "content": {
                        "application/json": {
                            "schema": {
                                "required": [
                                    "email",
                                    "password"
                                ],
                                "properties": {
                                    "email": {
                                        "type": "string",
                                        "format": "email"
                                    },
                                    "password": {
                                        "type": "string",
                                        "format": "password"
                                    }
                                },
                                "type": "object"
                            }
                        }
                    }
                },
                "responses": {
                    "200": {
                        "description": "Login success"
                    },
                    "401": {
                        "description": "Unauthorized"
                    }
                }
            }
        },
        "/api/user": {
            "get": {
                "summary": "Get authenticated user",
                "operationId": "b5e90fe100cd00fd4957f924d70b7db8",
                "responses": {
                    "200": {
                        "description": "User info"
                    }
                },
                "security": [
                    {
                        "sanctum": []
                    }
                ]
            }
        }
    }
}